2026-01-31,,,,접수대기,2. 16 ~ 3.2,뉴뉴가디어스 지킴,010-5634-8856,가디어스 송년회,동망산 1길 2,,,최규성,2. 16,3.2,2,,,"
2025년 송년회

[복장: 정장] [식사: 제공] [주차: 불가] [페이: 500만원 내외]"
2026-01-31,,,,접수대기,2. 16 ~ 3.2,뉴뉴가디어스 지킴,010-5634-8856,가디어스 송년회,동망산 1길 2,,,최규성,2. 16,3.2,2,,,"
2025년 송년회

[복장: 정장] [식사: 제공] [주차: 불가] [페이: 500만원 내외]"
2026-01-31,,,,접수대기,2. 16 ~ 3.2,뉴뉴가디어스 지킴,010-5634-8856,가디어스 송년회,동망산 1길 2,,,최규성,2. 16,3.2,2,,,"
2025년 송년회

[복장: 정장] [식사: 제공] [주차: 불가] [페이: 500만원 내외]"
2026-01-31,,,,접수대기,2. 16 ~ 3.2,뉴뉴가디어스 지킴,010-5634-8856,가디어스 송년회,동망산 1길 2,,,최규성,2. 16,3.2,2,,,"
2025년 송년회

[복장: 정장] [식사: 제공] [주차: 불가] [페이: 500만원 내외]"
2026-01-31,,,,접수대기,2. 16 ~ 3.2,뉴뉴가디어스 지킴,010-5634-8856,가디어스 송년회,동망산 1길 2,,,최규성,2. 16,3.2,2,,,"
2025년 송년회

[복장: 정장] [식사: 제공] [주차: 불가] [페이: 500만원 내외]"
